﻿<?xml version="1.0" encoding="utf-8"?>
<doc>
  <assembly>
    <name>Microsoft.AspNet.FriendlyUrls</name>
  </assembly>
  <members>
    <member name="T:Microsoft.AspNet.FriendlyUrls.FriendlyUrl"></member>
    <member name="M:Microsoft.AspNet.FriendlyUrls.FriendlyUrl.Href(System.String,System.Object[])"></member>
    <member name="M:Microsoft.AspNet.FriendlyUrls.FriendlyUrl.Resolve(System.String)">
      <summary> Résout le chemin d'accès virtuel d'un gestionnaire de fichiers en URL conviviale à l'aide des programmes de résolution inscrits. </summary>
      <returns>URL conviviale.</returns>
      <param name="virtualPath">Chemin d'accès virtuel du gestionnaire.</param>
    </member>
    <member name="P:Microsoft.AspNet.FriendlyUrls.FriendlyUrl.Segments">
      <summary> Segments d'URL restants une fois que les URL conviviales ont mappé cette demande à un fichier. </summary>
    </member>
    <member name="T:Microsoft.AspNet.FriendlyUrls.FriendlyUrlSettings">
      <summary>Représente les paramètres utilisés lors de l'activation des URL conviviales.</summary>
    </member>
    <member name="M:Microsoft.AspNet.FriendlyUrls.FriendlyUrlSettings.#ctor">
      <summary>Crée une instance de la classe FriendlyUrlSettings avec les valeurs par défaut.</summary>
    </member>
    <member name="P:Microsoft.AspNet.FriendlyUrls.FriendlyUrlSettings.AutoRedirectMode">
      <summary>Type de redirection à exécuter sur des URL non conviviales vers des URL conviviales. Prend la valeur par défaut Inactif (Off).</summary>
      <returns>Retourne <see cref="T:Microsoft.AspNet.FriendlyUrls.RedirectMode" />.</returns>
    </member>
    <member name="P:Microsoft.AspNet.FriendlyUrls.FriendlyUrlSettings.ResolverCachingMode">
      <returns>Retourne <see cref="T:Microsoft.AspNet.FriendlyUrls.ResolverCachingMode" />.</returns>
    </member>
    <member name="P:Microsoft.AspNet.FriendlyUrls.FriendlyUrlSettings.SwitchViewRouteName">
      <summary>Nom de l'itinéraire qui gère les demandes utilisateur de changement de vue. Prend par défaut la valeur « AspNet.FriendlyUrls.SwitchView ».</summary>
      <returns>Retourne <see cref="T:System.String" />.</returns>
    </member>
    <member name="P:Microsoft.AspNet.FriendlyUrls.FriendlyUrlSettings.SwitchViewUrl">
      <summary>URL à laquelle les demandes de changement de vue sont envoyées. Prend par défaut la valeur « __FriendlyUrls_SwitchView/{view} ».</summary>
      <returns>Retourne <see cref="T:System.String" />.</returns>
    </member>
    <member name="T:Microsoft.AspNet.FriendlyUrls.HttpRequestExtensions"></member>
    <member name="M:Microsoft.AspNet.FriendlyUrls.HttpRequestExtensions.GetFriendlyUrlFileExtension(System.Web.HttpRequest)">
      <summary> Retourne l'extension de fichier à laquelle les URL conviviales ont mappé cette demande. </summary>
      <returns>Extension de fichier, par exemple .aspx.</returns>
      <param name="httpRequest">Objet HttpRequest.</param>
    </member>
    <member name="M:Microsoft.AspNet.FriendlyUrls.HttpRequestExtensions.GetFriendlyUrlFileExtension(System.Web.HttpRequestBase)">
      <summary> Retourne l'extension de fichier à laquelle les URL conviviales ont mappé cette demande. </summary>
      <returns>Extension de fichier, par exemple .aspx.</returns>
      <param name="httpRequest">Objet HttpRequestBase.</param>
    </member>
    <member name="M:Microsoft.AspNet.FriendlyUrls.HttpRequestExtensions.GetFriendlyUrlFileVirtualPath(System.Web.HttpRequest)">
      <summary> Retourne le chemin d'accès virtuel du fichier auquel les URL conviviales ont mappé cette demande. </summary>
      <returns>Chemin d'accès virtuel du fichier.</returns>
      <param name="httpRequest">Objet HttpRequest.</param>
    </member>
    <member name="M:Microsoft.AspNet.FriendlyUrls.HttpRequestExtensions.GetFriendlyUrlFileVirtualPath(System.Web.HttpRequestBase)">
      <summary> Retourne le chemin d'accès virtuel du fichier auquel les URL conviviales ont mappé cette demande. </summary>
      <returns>Chemin d'accès virtuel du fichier.</returns>
      <param name="httpRequest">Objet HttpRequestBase.</param>
    </member>
    <member name="M:Microsoft.AspNet.FriendlyUrls.HttpRequestExtensions.GetFriendlyUrlSegments(System.Web.HttpRequest)">
      <summary> Retourne les segments d'URL restants une fois que les URL conviviales ont mappé cette demande à un fichier. </summary>
      <returns>Segments d'URL.</returns>
      <param name="httpRequest">Objet HttpRequest.</param>
    </member>
    <member name="M:Microsoft.AspNet.FriendlyUrls.HttpRequestExtensions.GetFriendlyUrlSegments(System.Web.HttpRequestBase)">
      <summary> Retourne les segments d'URL restants une fois que les URL conviviales ont mappé cette demande à un fichier. </summary>
      <returns>Segments d'URL.</returns>
      <param name="httpRequest">Objet HttpRequestBase.</param>
    </member>
    <member name="T:Microsoft.AspNet.FriendlyUrls.PreApplicationStartCode"></member>
    <member name="M:Microsoft.AspNet.FriendlyUrls.PreApplicationStartCode.Start"></member>
    <member name="T:Microsoft.AspNet.FriendlyUrls.RedirectMode">
      <summary>Représente le mode de redirection à utiliser lors de la redirection automatique vers des URL conviviales.</summary>
    </member>
    <member name="F:Microsoft.AspNet.FriendlyUrls.RedirectMode.Permanent">
      <summary>Effectue une redirection permanente (code de réponse 301).</summary>
    </member>
    <member name="F:Microsoft.AspNet.FriendlyUrls.RedirectMode.Temporary">
      <summary>Effectue une redirection temporaire (code de réponse 302).</summary>
    </member>
    <member name="F:Microsoft.AspNet.FriendlyUrls.RedirectMode.Off">
      <summary>N'effectue aucune redirection automatique (fonction désactivée).</summary>
    </member>
    <member name="T:Microsoft.AspNet.FriendlyUrls.ResolverCachingMode"></member>
    <member name="F:Microsoft.AspNet.FriendlyUrls.ResolverCachingMode.Static">
      <summary />
    </member>
    <member name="F:Microsoft.AspNet.FriendlyUrls.ResolverCachingMode.Dynamic">
      <summary />
    </member>
    <member name="F:Microsoft.AspNet.FriendlyUrls.ResolverCachingMode.Disabled">
      <summary />
    </member>
    <member name="T:Microsoft.AspNet.FriendlyUrls.RouteCollectionExtensions"></member>
    <member name="M:Microsoft.AspNet.FriendlyUrls.RouteCollectionExtensions.EnableFriendlyUrls(System.Web.Routing.RouteCollection)">
      <summary> Active les URL conviviales pour les pages Web Forms. </summary>
      <param name="routes">Collection d'itinéraires.</param>
    </member>
    <member name="M:Microsoft.AspNet.FriendlyUrls.RouteCollectionExtensions.EnableFriendlyUrls(System.Web.Routing.RouteCollection,Microsoft.AspNet.FriendlyUrls.FriendlyUrlSettings)">
      <summary>Active les URL conviviales pour les pages Web Forms.</summary>
      <param name="routes">Collection d'itinéraires.</param>
      <param name="settings">Paramètres à utiliser lors de l'activation des URL conviviales.</param>
    </member>
    <member name="M:Microsoft.AspNet.FriendlyUrls.RouteCollectionExtensions.EnableFriendlyUrls(System.Web.Routing.RouteCollection,Microsoft.AspNet.FriendlyUrls.FriendlyUrlSettings,Microsoft.AspNet.FriendlyUrls.Resolvers.IFriendlyUrlResolver[])">
      <summary> Active les URL conviviales à l'aide des programmes de résolution passés. </summary>
      <param name="routes">Collection d'itinéraires.</param>
      <param name="settings">Paramètres à utiliser lors de l'activation des URL conviviales.</param>
      <param name="resolvers">Programmes de résolution des URL conviviales à utiliser.</param>
    </member>
    <member name="M:Microsoft.AspNet.FriendlyUrls.RouteCollectionExtensions.EnableFriendlyUrls(System.Web.Routing.RouteCollection,Microsoft.AspNet.FriendlyUrls.Resolvers.IFriendlyUrlResolver[])">
      <summary> Active les URL conviviales à l'aide des programmes de résolution spécifiés. </summary>
      <param name="routes">Collection d'itinéraires.</param>
      <param name="resolvers">Programmes de résolution des URL conviviales à utiliser.</param>
    </member>
    <member name="T:Microsoft.AspNet.FriendlyUrls.ModelBinding.FriendlyUrlSegmentsAttribute">
      <summary>Represents an attribute that specifies that model binding values are provided by a friendly URL segment.</summary>
    </member>
    <member name="M:Microsoft.AspNet.FriendlyUrls.ModelBinding.FriendlyUrlSegmentsAttribute.#ctor(System.Int32)">
      <summary>  Creates an instance of the FriendlyUrlSegmentsAttribute class.</summary>
      <param name="index">The index of the URL segment to return.</param>
    </member>
    <member name="M:Microsoft.AspNet.FriendlyUrls.ModelBinding.FriendlyUrlSegmentsAttribute.GetValueProvider(System.Web.ModelBinding.ModelBindingExecutionContext)">
      <returns>Returns <see cref="T:System.Web.ModelBinding.IValueProvider" />.</returns>
    </member>
    <member name="T:Microsoft.AspNet.FriendlyUrls.ModelBinding.FriendlyUrlSegmentsValueProvider">
      <summary>  A value provider that retrieves values from the segments of a Friendly URL.</summary>
    </member>
    <member name="M:Microsoft.AspNet.FriendlyUrls.ModelBinding.FriendlyUrlSegmentsValueProvider.#ctor(System.Web.ModelBinding.ModelBindingExecutionContext,System.Int32)"></member>
    <member name="M:Microsoft.AspNet.FriendlyUrls.ModelBinding.FriendlyUrlSegmentsValueProvider.FetchValue(System.String)">
      <returns>Returns <see cref="T:System.Object" />.</returns>
    </member>
    <member name="T:Microsoft.AspNet.FriendlyUrls.Resolvers.FriendlyUrlResolver">
      <summary>Résout une URL conviviale en gestionnaire HTTP.</summary>
    </member>
    <member name="M:Microsoft.AspNet.FriendlyUrls.Resolvers.FriendlyUrlResolver.#ctor(System.String)">
      <summary>Crée un FriendlyUrlResolver pour l'extension fournie.</summary>
      <param name="fileExtension">Extension de fichier physique comprise par ce programme de résolution. Doit inclure le point, par exemple « .aspx ».</param>
    </member>
    <member name="M:Microsoft.AspNet.FriendlyUrls.Resolvers.FriendlyUrlResolver.ConvertToFriendlyUrl(System.String)">
      <summary>Convertit une URL avec extension type en URL sans extension conviviale.</summary>
      <returns>URL conviviale (sans extension) si ce programme de résolution peut automatiquement mapper des URL sans extension à des fichiers physiques avec l'extension fournie. Sinon, valeur Null.</returns>
      <param name="path">Chemin d'accès d'origine, incluant l'extension de fichier.</param>
    </member>
    <member name="M:Microsoft.AspNet.FriendlyUrls.Resolvers.FriendlyUrlResolver.GetExtensions(System.Web.HttpContextBase)">
      <summary>Obtient les extensions à utiliser lors de la tentative de résoudre un gestionnaire HTTP à partir de l'URL conviviale, par exemple .aspx, .ashx, .mobile.aspx.</summary>
      <returns>Liste des extensions.</returns>
      <param name="httpContext">HttpContext actuel.</param>
    </member>
    <member name="M:Microsoft.AspNet.FriendlyUrls.Resolvers.FriendlyUrlResolver.PreprocessRequest(System.Web.HttpContextBase,System.Web.IHttpHandler)"></member>
    <member name="T:Microsoft.AspNet.FriendlyUrls.Resolvers.GenericHandlerFriendlyUrlResolver">
      <summary>Résout des URL conviviales en gestionnaires génériques, à savoir *.ashx.</summary>
    </member>
    <member name="M:Microsoft.AspNet.FriendlyUrls.Resolvers.GenericHandlerFriendlyUrlResolver.#ctor"></member>
    <member name="T:Microsoft.AspNet.FriendlyUrls.Resolvers.IFriendlyUrlResolver"></member>
    <member name="M:Microsoft.AspNet.FriendlyUrls.Resolvers.IFriendlyUrlResolver.ConvertToFriendlyUrl(System.String)"></member>
    <member name="M:Microsoft.AspNet.FriendlyUrls.Resolvers.IFriendlyUrlResolver.GetExtensions(System.Web.HttpContextBase)"></member>
    <member name="M:Microsoft.AspNet.FriendlyUrls.Resolvers.IFriendlyUrlResolver.PreprocessRequest(System.Web.HttpContextBase,System.Web.IHttpHandler)"></member>
    <member name="T:Microsoft.AspNet.FriendlyUrls.Resolvers.WebFormsFriendlyUrlResolver">
      <summary>Résout des URL conviviales en pages Web Forms.</summary>
    </member>
    <member name="M:Microsoft.AspNet.FriendlyUrls.Resolvers.WebFormsFriendlyUrlResolver.#ctor"></member>
    <member name="M:Microsoft.AspNet.FriendlyUrls.Resolvers.WebFormsFriendlyUrlResolver.GetExtensions(System.Web.HttpContextBase)">
      <returns>Retourne <see cref="T:System.Collections.Generic.IList`1" />.</returns>
    </member>
    <member name="M:Microsoft.AspNet.FriendlyUrls.Resolvers.WebFormsFriendlyUrlResolver.IsMobileExtension(System.Web.HttpContextBase,System.String)">
      <returns>Retourne <see cref="T:System.Boolean" />.</returns>
    </member>
    <member name="M:Microsoft.AspNet.FriendlyUrls.Resolvers.WebFormsFriendlyUrlResolver.IsMobileView(System.Web.HttpContextBase)">
      <summary>Détermine si l'URL conviviale actuelle a été résolue en affichage mobile sur la base du navigateur client et/ou des substitutions.</summary>
      <returns>Indique si l'affichage actuel est un affichage mobile.</returns>
      <param name="httpContext">Page.</param>
    </member>
    <member name="M:Microsoft.AspNet.FriendlyUrls.Resolvers.WebFormsFriendlyUrlResolver.PreprocessRequest(System.Web.HttpContextBase,System.Web.IHttpHandler)"></member>
    <member name="M:Microsoft.AspNet.FriendlyUrls.Resolvers.WebFormsFriendlyUrlResolver.TrySetMasterPageFile(System.Web.UI.Page,System.String)">
      <summary>Tente de définir la propriété MasterPageFile pour la page donnée selon que la page maître existe ou non.</summary>
      <returns>Valeur booléenne indiquant si la page maître a été définie.</returns>
      <param name="page">Page.</param>
      <param name="masterPageFile">Chemin d'accès virtuel de la page maître.</param>
    </member>
    <member name="M:Microsoft.AspNet.FriendlyUrls.Resolvers.WebFormsFriendlyUrlResolver.TrySetMobileMasterPage(System.Web.HttpContextBase,System.Web.UI.Page,System.String)">
      <summary>Tente de définir la propriété MasterPageFile pour la page donnée selon une page maître spécifique mobile.</summary>
      <returns>Valeur booléenne indiquant si la page maître a été définie.</returns>
      <param name="httpContext">Contexte HTTP.</param>
      <param name="page">Page.</param>
    </member>
    <member name="F:Microsoft.AspNet.FriendlyUrls.Resolvers.WebFormsFriendlyUrlResolver.ViewSwitcherCookieName"></member>
  </members>
</doc>